{"cameraMode":{"drawMode":0,"name":"Shaded","section":"Shading Mode"},"sceneLighting":true,"audioPlay":false,"sceneViewState":{"showFog":true,"showMaterialUpdate":false,"showSkybox":true,"showFlares":true,"showImageEffects":true,"showParticleSystems":true},"in2DMode":false,"pivot":{"x":8.546314239501954,"y":11.9229736328125,"z":6.500391006469727},"rotation":{"x":0.010471019893884659,"y":0.9000468850135803,"z":-0.43512865900993349,"w":0.021659163758158685},"size":14.572575569152832,"orthographic":false}